sRNA,probe #,asRNA seq,start nt,end nt,E-val 1,E-val 2,
ncMSMEG0774A,0,CGCGATCTGGCCCACG,0,15,0.006,0.022,passed_l
ncMSMEG0774A,1,GCGGATCCGCTCGGT,22,36,0.017,0.066,passed_l
ncMSMEG0774A,2,CTGCGGCAGTGCCGAC,37,52,0.006,0.35,passed
ncMSMEG0774A,3,CGGTGTGTGTCCGAGC,57,72,0.006,1.4,passed
ncMSMEG0774A,4,ACCACCGCAACGGCGG,70,85,0.006,0.022,passed_l
ncMSMEG0774A,5,CCCGAAGCTCTCCACC,83,98,0.006,0.35,passed
ncMSMEG0988A,0,CAGGGCCTCGGCGAGG,17,32,0.006,0.088,passed
ncMSMEG0988A,1,GGCGGCAAGAAGCCCT,41,56,0.006,0.088,passed
ncMSMEG0988A,2,GGGGCGTGGCTGTAC,60,74,0.017,0.26,passed
ncMSMEG0988A,3,GGTGTGCATCGCCGGG,72,87,0.006,0.088,passed
ncMSMEG10358Ac,0,TGTGGTGTCGGCGAA,0,14,0.017,0.066,passed_l
ncMSMEG10358Ac,1,CCGAAATGCTCGCTGT,12,27,0.006,1.4,passed
ncMSMEG10373A,0,GCAACACGGAGCT,0,12,0.17,2.7,passed
ncMSMEG10373A,1,GGGGGGTCAGACGGCA,10,25,0.006,1.4,passed
ncMSMEG10373B,0,CGTACGCCTCGGGTAC,7,22,0.006,0.088,passed
ncMSMEG10373B,1,CGTACGAACGATCGT,20,34,0.017,1,passed
ncMSMEG10373B,2,AAGCCACTCCCGAAC,39,53,0.017,0.066,passed_l
ncMSMEG10373B,3,TTTGGATCAAG,51,61,2.7,11,passed_l
ncMSMEG10373B,4,GAACCGACTCTTT,59,71,0.17,11,passed
ncMSMEG11192A,0,CTACCGCCCTGCGTAG,4,19,0.006,0.35,passed
ncMSMEG11192A,1,GGAATGCTCTGCC,27,39,0.17,0.69,passed_l
ncMSMEG11192A,2,GCGTGTGAGGTATCAA,43,58,0.006,5.4,passed
ncMSMEG11192A,3,GAAGTTGTGAGCTCG,68,82,0.017,1,passed
ncMSMEG11192A,4,TCCGGCCCGCGGCCA,84,98,0.017,0.066,passed_l
ncMSMEG11363A,0,GCCGGGAAATCCCGGA,12,27,0.006,0.35,passed
ncMSMEG11363A,1,CTGCGTGGGCCGCC,25,38,0.044,0.17,passed_l
ncMSMEG11363A,2,TCTAGCCTCGTCCTC,39,53,0.017,1,passed
ncMSMEG11363A,3,CCAGCACAACTGGGC,54,68,0.017,0.26,passed
ncMSMEG11543Ac,0,ACACTCGCGGCATTTC,5,20,0.006,1.4,passed
ncMSMEG11543Ac,1,ATACTCGCAACAGCTT,22,37,0.006,1.4,passed
ncMSMEG11543A,0,CAATCGTCGCAA,4,15,0.69,2.7,passed_l
ncMSMEG11543A,1,GTATGCGGGTCAA,13,25,0.17,2.7,passed
ncMSMEG11543A,2,GCTGTTGCGAGTA,23,35,0.17,2.7,passed
ncMSMEG11543A,3,CCGCGAGTGTGAAGCT,33,48,0.006,0.022,passed_l
ncMSMEG11543A,4,AACGAGAAATGCC,47,59,0.17,2.7,passed
ncMSMEG12439Ac,0,GTACCCGCGAACAA,10,23,0.044,0.17,passed_l
ncMSMEG12439Ac,1,CTTCGGCTGCGCCAAC,28,43,0.006,0.35,passed
ncMSMEG12439Ac,2,ACACCCGAAAGATA,45,58,0.044,0.69,passed
ncMSMEG12439Ac,3,GATACACCCCGATACA,56,71,0.006,1.4,passed
ncMSMEG12439Ac,4,GCCTGCTGCGAGAT,69,82,0.044,0.17,passed_l
ncMSMEG12439Ac,5,TGAGTAGTGCCTG,82,94,0.17,2.7,passed
ncMSMEG12439Ac,6,TGCGCAGGACCGGGCT,94,109,0.006,0.35,passed
ncMSMEG12439Ac,7,GCAGTTGTCTGC,107,118,0.69,2.7,passed_l
ncMSMEG1286A,0,TCACCGGCCACTACC,3,17,0.017,0.066,passed_l
ncMSMEG1286A,1,GAGCCGGCCGACCATG,19,34,0.006,0.35,passed
ncMSMEG1286A,2,GCTGGCGTGTGTGCCG,34,49,0.006,0.088,passed
ncMSMEG13628Ac,0,GTTGGCTCGATACTTC,1,16,0.006,1.4,passed
ncMSMEG13628Ac,1,CTCCGGCTCGGTCCGT,15,30,0.006,0.35,passed
ncMSMEG13628Ac,2,CTGCAGCCCTCAGGA,31,45,0.017,4.1,passed
ncMSMEG13628Ac,3,GGACCGGGGGTCTCTG,43,58,0.006,5.4,passed
ncMSMEG13628Ac,4,CCCGCCCTTCGAGTGG,57,72,0.006,0.088,passed
ncMSMEG13628Ac,5,CCCGCTTGACGCGGGA,73,88,0.006,0.088,passed
ncMSMEG13679A,0,CCTCTTTTGTGTTAC,0,14,0.017,16,passed
ncMSMEG13679A,1,GGCGCAACATCTTCT,17,31,0.017,0.066,passed_l
ncMSMEG13679A,2,GTCACGTCCACCGGC,29,43,0.017,1,passed
ncMSMEG14302A,0,TAACGGCAATCCGAGG,5,20,0.006,1.4,passed
ncMSMEG14302A,1,GCAGGGTGATTGCTAA,18,33,0.006,0.35,passed
ncMSMEG14302A,2,AGGAAAGTCCGGACT,41,55,0.017,1,passed
ncMSMEG14302A,3,GCCTGATGTCGAGG,53,66,0.044,0.17,passed_l
ncMSMEG14302A,4,GGCCGGGCGGCCGCG,73,87,0.017,0.066,passed_l
ncMSMEG14302A,5,GCGCGAACGAGTTGGC,85,100,0.006,0.088,passed
ncMSMEG14931Ac,0,TTGTTAGCCGCCCCGT,0,15,0.006,5.4,passed
ncMSMEG14931Ac,1,AACAGACCAGATTG,13,26,0.044,2.7,passed
ncMSMEG15795c,0,GCCCCCGAGCCGTTGT,1,16,0.006,0.35,passed
ncMSMEG15795c,1,CCCCCAGATATGGGGC,18,33,0.006,1.4,passed
ncMSMEG15795c,2,GGCCACGCGGTAAC,36,49,0.044,0.69,passed
ncMSMEG15795c,3,GCCGCCCCGGTAGGGC,47,62,0.006,0.35,passed
ncMSMEG15795c,4,GCGCGGCGTGCGAAT,79,93,0.017,0.26,passed
ncMSMEG15795c,5,GGGACGACGCACGCG,91,105,0.017,0.26,passed
ncMSMEG15795c,6,CAGGCCGACTGGG,103,115,0.17,0.69,passed_l
ncMSMEG15796A,0,GAGTCTGGCGCTGGC,6,20,0.017,0.26,passed
ncMSMEG15796A,1,TTTACCGTGCCC,23,34,0.69,11,passed
ncMSMEG15796A,2,CCTGCCGACACTTT,32,45,0.044,2.7,passed
ncMSMEG15796A,3,TTTTTGTCCT,43,52,11,42,passed_l
ncMSMEG15796A,4,TCTGAGTGTCATTT,50,63,0.044,0.69,passed
ncMSMEG15796A,5,TAGGCGGCTCCGATCT,61,76,0.006,0.088,passed
ncMSMEG15796A,6,GCCCAATTATTAG,74,86,0.17,42,passed
ncMSMEG15796A,7,CAATAACGGAGCG,87,99,0.17,11,passed
ncMSMEG15967Ac,0,CCCGTCCGATGCCGCC,9,24,0.006,0.088,passed
ncMSMEG16173A,0,CCAAGCTTCCGT,0,11,0.69,2.7,passed_l
ncMSMEG16173A,1,GCTGGGTCTTGGCCTC,13,28,0.006,0.35,passed
ncMSMEG16173A,2,TTCTCTTCCGGCT,26,38,0.17,0.69,passed_l
ncMSMEG16173A,3,GGGAGATCTAGCCTTC,36,51,0.006,21,passed
ncMSMEG16173A,4,AGGAGCTTGGGTCGGG,49,64,0.006,1.4,passed
ncMSMEG16173A,5,ATCCGTGCTAGG,62,73,0.69,11,passed
ncMSMEG16173A,6,TGGGTGCTCGGTAT,72,85,0.044,0.17,passed_l
ncMSMEG16173A,7,GGCATGTGCTCCGCGT,85,100,0.006,0.35,passed
ncMSMEG16173A,8,TATTCCGCGGC,98,108,2.7,11,passed_l
ncMSMEG16173A,9,CAACACTTTTGCCTAT,106,121,0.006,1.4,passed
ncMSMEG16173A,10,TCGAAACTACGCAGG,126,140,0.017,1,passed
ncMSMEG16173A,11,GCCGTCCGCTTTTCG,138,152,0.017,0.066,passed_l
ncMSMEG16173A,12,AGGGCCGTCGTGGCC,150,164,0.017,0.066,passed_l
ncMSMEG16173A,13,CAACCCCACCCAAAGG,162,177,0.006,1.4,passed
ncMSMEG16173A,14,GCGTCTTTGCGATG,189,202,0.044,2.7,passed
ncMSMEG16173A,15,TGCGTGGGTGACCTCG,203,218,0.006,0.022,passed_l
ncMSMEG16173A,16,CCAAGCGTGCGATGT,223,237,0.017,0.066,passed_l
ncMSMEG16173A,17,GGACCCCGAGTGACCA,235,250,0.006,0.022,passed_l
ncMSMEG16173A,18,CCGCCCGCTAGCACGG,249,264,0.006,0.35,passed
ncMSMEG16173A,19,CGGACAATGTCCGGTT,267,282,0.006,1.4,passed
ncMSMEG16173A,20,CGGGCGGCGTCCCGG,280,294,0.017,0.066,passed_l
ncMSMEG16173A,21,AAAAGAAATCGG,292,303,0.69,11,passed
ncMSMEG16286A,0,TGGACGCCGCGCGGG,2,16,0.017,0.066,passed_l
ncMSMEG16286A,1,GGGAGTTCACAGGAT,16,30,0.017,4.1,passed
ncMSMEG16286A,2,TTCCGGCCCTGGG,30,42,0.17,0.69,passed_l
ncMSMEG16286A,3,TGACCCTTGCTGCCTT,41,56,0.006,1.4,passed
ncMSMEG16286A,4,CGCCAGAGCCCGTTGA,54,69,0.006,1.4,passed
ncMSMEG16286A,5,ACCCCGCGCACCCGC,67,81,0.017,0.066,passed_l
ncMSMEG16507A,0,CAGGGTAGTTGCCGCC,5,20,0.006,1.4,passed
ncMSMEG16507A,1,AGGCAGCAGCCGTGGC,23,38,0.006,1.4,passed
ncMSMEG16507A,2,AAACGATGAATCAGG,36,50,0.017,4.1,passed
ncMSMEG16507A,3,TGACTTGGCAAA,48,59,0.69,11,passed
ncMSMEG16507A,4,ATGATCTTGGTGCTGA,57,72,0.006,0.088,passed
ncMSMEG16507A,5,TCTTCCGCAAATG,70,82,0.17,0.69,passed_l
ncMSMEG16507A,6,TTGACGAGAGAGGTCT,80,95,0.006,5.4,passed
ncMSMEG16507A,7,CAGAGGTATTTG,93,104,0.69,2.7,passed_l
ncMSMEG16507A,8,ATACCTCTGTCACAG,102,116,0.017,1,passed
ncMSMEG16675A,0,GTCTCTTTCCATGGTG,6,21,0.006,21,passed
ncMSMEG16675A,1,CCTTCCCTTGGTCGTC,19,34,0.006,5.4,passed
ncMSMEG16675A,2,CGCACTGTTCCCTCCT,32,47,0.006,0.088,passed
ncMSMEG16675A,3,GGTGCCATGGGGGCGC,45,60,0.006,1.4,passed
ncMSMEG1967Ac,0,CGGCGTCAGCCATCCT,0,15,0.006,0.35,passed
ncMSMEG1967Ac,1,ACGGCACGCGCGACGG,13,28,0.006,0.022,passed_l
ncMSMEG1967Ac,2,GACCCGCGCGGTTGAC,41,56,0.006,0.088,passed
ncMSMEG1967Ac,3,GTCCTGCCCTCCTGAC,54,69,0.006,1.4,passed
ncMSMEG1967Ac,4,ACATCTGGTTGGCGGT,68,83,0.006,0.35,passed
ncMSMEG2161A,0,GCAGCGGAACACCGCG,3,18,0.006,0.088,passed
ncMSMEG2161A,1,GCCCATGTGGTGTCGG,32,47,0.006,0.35,passed
ncMSMEG2161A,2,TGAGCTGGCCCGCC,45,58,0.044,0.17,passed_l
ncMSMEG2161A,3,TGAACATGTCCGGCAC,61,76,0.006,0.022,passed_l
ncMSMEG2161A,4,AGCATCAGCCGCGTGA,74,89,0.006,0.35,passed
ncMSMEG2161A,5,CGACGAGGCTCAGC,87,100,0.044,0.17,passed_l
ncMSMEG2161A,6,CGGGCGCGATGCCCGT,103,118,0.006,0.088,passed
ncMSMEG2161A,7,GTCGAGTTCGTAGAAC,123,138,0.006,0.022,passed_l
ncMSMEG2161A,8,TGCCGGTTTCCGTGCG,140,155,0.006,1.4,passed
ncMSMEG2161A,9,CGTAGTGTGCGCGCTG,154,169,0.006,0.35,passed
ncMSMEG2161A,10,ACCCGACCGGCAGGCC,172,187,0.006,0.088,passed
ncMSMEG2161A,11,GGTCGCGATCGCCTCG,195,210,0.006,0.022,passed_l
ncMSMEG2161A,12,TCGAAAATCCGTCGGC,226,241,0.006,0.35,passed
ncMSMEG2161A,13,GGTTCATCACGTGGTA,244,259,0.006,0.088,passed
ncMSMEG2161A,14,GATACCGTCATCGTGC,261,276,0.006,1.4,passed
ncMSMEG2161A,15,CGAATTCGTCCAG,280,292,0.17,2.7,passed
ncMSMEG2161A,16,GTCGAGCCAGTCGACG,291,306,0.006,0.022,passed_l
ncMSMEG2161A,17,CGGGTACCCCGCCTC,307,321,0.017,0.26,passed
ncMSMEG2161A,18,GTAGTCCGGTATGCGC,327,342,0.006,1.4,passed
ncMSMEG2161A,19,GCCACGCGGCGTA,340,352,0.17,0.69,passed_l
ncMSMEG2161A,20,CGAACCGTTGCAGCC,350,364,0.017,0.066,passed_l
ncMSMEG2161A,21,CAGCGCATGCAGCGCC,369,384,0.006,0.088,passed
ncMSMEG2161A,22,ACGCCTGGCGTTGC,393,406,0.044,0.69,passed
ncMSMEG2161A,23,AGCGGCAGCAGCGACG,404,419,0.006,0.022,passed_l
ncMSMEG2161A,24,GTAGTTGTGCAGTAGC,417,432,0.006,5.4,passed
ncMSMEG2161A,25,TCGGGGTGCTGGTA,430,443,0.044,0.17,passed_l
ncMSMEG2161A,26,ACGGATCGGCTTCTCG,441,456,0.006,0.35,passed
ncMSMEG2161A,27,GGGTGCCTGCGACCCA,456,471,0.006,0.088,passed
ncMSMEG2230Ac,0,CCGAACCCGTCGTTC,0,14,0.017,0.26,passed
ncMSMEG2230Ac,1,TCAACCACTTCATC,15,28,0.044,0.17,passed_l
ncMSMEG2230Ac,2,GTTCGGCGGCGTGGTC,27,42,0.006,0.022,passed_l
ncMSMEG2230Ac,3,GCGCACGTACGCGGTG,42,57,0.006,0.088,passed
ncMSMEG2230Ac,4,AGTGCAGATGCTGACC,66,81,0.006,0.088,passed
ncMSMEG2395Ac,0,GCCGCCCGCCGCGGGG,7,22,0.006,0.022,passed_l
ncMSMEG2395Ac,1,CGGCCCGCGGCCCGTG,23,38,0.006,0.35,passed
ncMSMEG2395Ac,2,CGAAAACGTCGCGG,36,49,0.044,0.69,passed
ncMSMEG2395Ac,3,CGCGCCCGTTGCCGA,47,61,0.017,0.066,passed_l
ncMSMEG2514A,0,TTCACAACAGCAGA,0,13,0.044,0.17,passed_l
ncMSMEG2514A,1,CGGCACGCCTTC,11,22,0.69,2.7,passed_l
ncMSMEG2514A,2,CGAGGCCCCGTGTG,27,40,0.044,0.69,passed
ncMSMEG2514A,3,GCAACCCCGCCGACGA,38,53,0.006,0.088,passed
ncMSMEG2514B,0,GATCGACCACGACGAG,2,17,0.006,0.022,passed_l
ncMSMEG2514B,1,CGCCTTCACAACAG,20,33,0.044,0.69,passed
ncMSMEG2514B,2,GTGTGTCTCCGGCACG,32,47,0.006,0.088,passed
ncMSMEG2514B,3,CCGACGAGGCCCCGTG,45,60,0.006,0.088,passed
ncMSMEG2514B,4,GTGCAACCCCGCCG,58,71,0.044,0.69,passed
ncMSMEG2514B,5,GACAAGACGGGCCCGC,219,234,0.006,0.088,passed
ncMSMEG2771A,0,GTGGCCGCGTCGGCGC,0,15,0.006,0.088,passed
ncMSMEG2771A,1,TAGTTGTCATGGGATG,15,30,0.006,5.4,passed
ncMSMEG2771A,2,CGAAAGGATGCACTG,38,52,0.017,4.1,passed
ncMSMEG2771A,3,TCGTCTCTCCGCCGCC,52,67,0.006,0.022,passed_l
ncMSMEG2771A,4,TTGCGATAGCGTCG,65,78,0.044,0.69,passed
ncMSMEG2771A,5,TTCCGGGTGCACGGG,79,93,0.017,0.26,passed
ncMSMEG2771A,6,AAAAGCTGTAGCGTTC,91,106,0.006,1.4,passed
ncMSMEG2771A,7,CAGGCGACCGTGGA,106,119,0.044,0.17,passed_l
ncMSMEG2771A,8,GCCTGAAGCCAG,117,128,0.69,2.7,passed_l
ncMSMEG2771A,9,GCCAAGAGTAAGCC,126,139,0.044,42,passed
ncMSMEG3037A,0,CGGCGAGCTTTTCC,0,13,0.044,0.17,passed_l
ncMSMEG3037A,1,GGTCGCTGCGCCGCAC,18,33,0.006,0.022,passed_l
ncMSMEG3749Ac,0,AACGCACCCTGGTGGC,2,17,0.006,0.088,passed
ncMSMEG3749Ac,1,CGCTCCGAGCCGGAAC,15,30,0.006,1.4,passed
ncMSMEG3749Ac,2,TCGGCCTTCGACCACG,34,49,0.006,0.35,passed
ncMSMEG3749Ac,3,TTGTGGTGAATC,48,59,0.69,2.7,passed_l
ncMSMEG3749Ac,4,ATCGCCCAATTCCGTT,58,73,0.006,0.35,passed
ncMSMEG3749Ac,5,GCGCGGCCACGTCAT,72,86,0.017,0.066,passed_l
ncMSMEG3749Ac,6,TCCAGGATCTCCTGGA,90,105,0.006,0.022,passed_l
ncMSMEG3749Ac,7,GGCACCGGAGGTGTCC,103,118,0.006,0.088,passed
ncMSMEG4206A,0,GTGGACACCACGGTC,8,22,0.017,0.066,passed_l
ncMSMEG4206A,1,GGTGCGGGATCGAGGT,21,36,0.006,0.088,passed
ncMSMEG4206A,2,TGCTCGTTCTGCGG,42,55,0.044,0.69,passed
ncMSMEG4206A,3,CGCACCGCACCGCATG,54,69,0.006,0.022,passed_l
ncMSMEG4206A,4,CAACCACGCGCACG,68,81,0.044,0.69,passed
ncMSMEG4206A,5,GCCAACGGTGGGACAA,79,94,0.006,0.35,passed
ncMSMEG4206A,6,CCATGGCCACATGGCC,92,107,0.006,5.4,passed
ncMSMEG4963Ac,0,CTCGACAATCCAGG,0,13,0.044,0.17,passed_l
ncMSMEG4963Ac,1,CGGCGACGGTATCTC,11,25,0.017,0.26,passed
ncMSMEG4963Ac,2,CACCATCGACCACACC,28,43,0.006,0.35,passed
ncMSMEG4963Ac,3,ACTACTGCTCAC,41,52,0.69,2.7,passed_l
ncMSMEG4963Ac,4,CCACGTCATCGGCACT,50,65,0.006,0.35,passed
ncMSMEG5935A,0,CCCGACGTCCCGTCAC,0,15,0.006,0.088,passed
ncMSMEG5935A,1,CCTGCGCTACACCCC,18,32,0.017,0.066,passed_l
ncMSMEG5935A,2,CCGACCTGGGCATCCT,30,45,0.006,0.022,passed_l
ncMSMEG5935A,3,ATCGGCCGGCTCACCG,43,58,0.006,0.022,passed_l
ncMSMEG6172Ac,0,TCGGCATAAGCCGAGT,1,16,0.006,5.4,passed
ncMSMEG6172Ac,1,GGGCTGATACACCTCG,14,29,0.006,0.35,passed
ncMSMEG6172Ac,2,CGTATCAGCCCCGGGG,34,49,0.006,1.4,passed
ncMSMEG6172Ac,3,GCGGAGGTCGTCGCGT,47,62,0.006,0.35,passed
ncMSMEG6172Ac,4,AGGGGGGGAGGAGGCG,60,75,0.006,0.35,passed
ncMSMEG6172Ac,5,GACGACCCCCGCCAGG,73,88,0.006,0.35,passed
ncMSMEG6799A,0,AGGTAAGTGAGCG,0,12,0.17,2.7,passed
ncMSMEG6799A,1,GGTAGACGCAGG,10,21,0.69,2.7,passed_l
ncMSMEG6799A,2,CGGGGTGTCCCCGGGT,19,34,0.006,0.35,passed
ncMSMEG6799A,3,TCGCGTCTGCCGGTT,36,50,0.017,0.066,passed_l
ncMSMEG6799A,4,AGCGGCACCGCGACGT,51,66,0.006,0.022,passed_l
